Formula,REFERENCE: doi,PROPERTY: BCC,PROPERTY: FCC,PROPERTY: HCP,PROPERTY: B2,PROPERTY: Im,PROPERTY: Multiphase,PROPERTY: Not_HEA,PROPERTY: Density (gm/cm^3),PROPERTY: RM_Density (gm/cm^3),PROPERTY: Vickers (HV),PROPERTY: Yield (MPa),PROPERTY: UTS (MPa),PROPERTY: Elongation (%),PROPERTY: Modulus (GPa),PROPERTY: RM_Modulus (GPa)
CoFeNi,10.1016/j.dib.2018.11.111,FALSE,TRUE,FALSE,FALSE,FALSE,FALSE,FALSE,,8.5,125,204,,,,207
CoFeNi,10.1016/j.dib.2018.11.111,FALSE,TRUE,FALSE,FALSE,FALSE,FALSE,FALSE,,8.5,125,209,,,,207
CoFeNi,10.1016/j.dib.2018.11.111,FALSE,TRUE,FALSE,FALSE,FALSE,FALSE,FALSE,,8.5,,211,513,31,,207
CoFeNiSi0.25,10.1016/j.dib.2018.11.111,FALSE,TRUE,FALSE,FALSE,FALSE,FALSE,FALSE,,7.7,149,196,,,,194
CoFeNiSi0.5,10.1016/j.dib.2018.11.111,FALSE,TRUE,FALSE,FALSE,TRUE,TRUE,TRUE,,7.1,287,476,,,,
CoFeNiSi0.75,10.1016/j.dib.2018.11.111,FALSE,TRUE,FALSE,FALSE,TRUE,TRUE,TRUE,,6.6,570,1301,,,,
Al0.25CoFeNi,10.1016/j.dib.2018.11.111,FALSE,TRUE,FALSE,FALSE,FALSE,FALSE,FALSE,,7.9,138,158,,,,196
Al0.5CoFeNi,10.1016/j.dib.2018.11.111,TRUE,TRUE,FALSE,FALSE,FALSE,TRUE,FALSE,,7.4,212,346,,,,187
Al0.75CoFeNi,10.1016/j.dib.2018.11.111,TRUE,TRUE,FALSE,FALSE,FALSE,TRUE,FALSE,,7,385,794,,,,179
CoCrFeNi,10.1016/j.dib.2018.11.111,FALSE,TRUE,FALSE,FALSE,FALSE,FALSE,FALSE,,8.2,,148,413,48,,225
CoCrFeNi,10.1016/j.dib.2018.11.111,FALSE,TRUE,FALSE,FALSE,FALSE,FALSE,FALSE,,8.2,116,,,,,225
CoCrFeNi,10.1016/j.dib.2018.11.111,FALSE,TRUE,FALSE,FALSE,FALSE,FALSE,FALSE,,8.2,113,,,,,225
CoCrFeMo0.5Ni,10.1016/j.dib.2018.11.111,FALSE,TRUE,FALSE,FALSE,TRUE,TRUE,TRUE,,8.5,210,,,,,
CoCrFeNb0.103Ni,10.1016/j.dib.2018.11.111,FALSE,TRUE,FALSE,FALSE,TRUE,TRUE,TRUE,,8.2,,318,622,19,,
CoCrFeNb0.155Ni,10.1016/j.dib.2018.11.111,FALSE,TRUE,FALSE,FALSE,TRUE,TRUE,TRUE,,8.2,,322,744,23,,
CoCrFeNb0.206Ni,10.1016/j.dib.2018.11.111,FALSE,TRUE,FALSE,FALSE,TRUE,TRUE,TRUE,,8.2,,403,807,9,,
CoCrFeNb0.309Ni,10.1016/j.dib.2018.11.111,FALSE,TRUE,FALSE,FALSE,TRUE,TRUE,TRUE,,8.2,,479,879,4,,
CoCrFeNb0.412Ni,10.1016/j.dib.2018.11.111,FALSE,TRUE,FALSE,FALSE,TRUE,TRUE,TRUE,,8.2,,638,1004,1,,
CoCrFeNiTi,10.1016/j.dib.2018.11.111,FALSE,TRUE,FALSE,FALSE,FALSE,FALSE,FALSE,,7.2,,,2020,9,135,203
Co1.5CrFeNi1.5Ti0.5,10.1016/j.dib.2018.11.111,FALSE,TRUE,FALSE,FALSE,FALSE,FALSE,FALSE,,7.8,509,,,,,211
Co1.5CrFeNi1.5Ti,10.1016/j.dib.2018.11.111,FALSE,TRUE,FALSE,FALSE,TRUE,TRUE,TRUE,,7.4,654,,,,,
Al0.25CoCrFeNi,10.1016/j.dib.2018.11.111,FALSE,TRUE,FALSE,FALSE,FALSE,FALSE,FALSE,,7.7,110,,,,,216
Al0.25CoCrFeNi,10.1016/j.dib.2018.11.111,FALSE,TRUE,FALSE,FALSE,FALSE,FALSE,FALSE,,7.7,113,,,,,216
Al0.375CoCrFeNi,10.1016/j.dib.2018.11.111,FALSE,TRUE,FALSE,FALSE,FALSE,FALSE,FALSE,,7.5,131,,,,,211
Al0.375CoCrFeNi,10.1016/j.dib.2018.11.111,FALSE,TRUE,FALSE,FALSE,FALSE,FALSE,FALSE,,7.5,196,,,,,211
Al0.5CoCrFeNi,10.1016/j.dib.2018.11.111,TRUE,TRUE,FALSE,FALSE,FALSE,TRUE,FALSE,,7.3,159,,,,,208
Al0.5CoCrFeNi,10.1016/j.dib.2018.11.111,TRUE,TRUE,FALSE,FALSE,FALSE,TRUE,FALSE,,7.3,209,,,,,208
Al0.7Co0.3CrFeNi,10.1016/j.dib.2018.11.111,TRUE,TRUE,FALSE,TRUE,FALSE,TRUE,TRUE,,6.8,624,2033,2635,8,,
Al0.75CoCrFeNi,10.1016/j.dib.2018.11.111,TRUE,TRUE,FALSE,FALSE,FALSE,TRUE,FALSE,,7,388,,,,,200
Al0.75CoCrFeNi,10.1016/j.dib.2018.11.111,TRUE,TRUE,FALSE,FALSE,FALSE,TRUE,FALSE,,7,280,,,,,200
Al0.875CoCrFeNi,10.1016/j.dib.2018.11.111,TRUE,TRUE,FALSE,FALSE,FALSE,TRUE,FALSE,,6.9,,,,,,197
Al0.875CoCrFeNi,10.1016/j.dib.2018.11.111,TRUE,FALSE,FALSE,FALSE,FALSE,FALSE,FALSE,,6.9,538,,,,,197
Al0.875CoCrFeNi,10.1016/j.dib.2018.11.111,TRUE,TRUE,FALSE,FALSE,FALSE,TRUE,FALSE,,6.9,361,,,,,197
AlCoCrFeNi,10.1016/j.dib.2018.11.111,TRUE,FALSE,FALSE,FALSE,FALSE,FALSE,FALSE,,6.7,484,,,,,194
AlCoCrFeNi,10.1016/j.dib.2018.11.111,TRUE,TRUE,FALSE,FALSE,FALSE,TRUE,FALSE,,6.7,433,,,,,194
AlCoCrFeNi,10.1016/j.dib.2018.11.111,TRUE,FALSE,FALSE,FALSE,FALSE,FALSE,FALSE,,6.7,395,,,,,194
AlCoCrFeNi,10.1016/j.dib.2018.11.111,TRUE,FALSE,FALSE,FALSE,FALSE,FALSE,FALSE,,6.7,,1251,2004,33,,194
AlCoCrFeNi,10.1016/j.dib.2018.11.111,TRUE,FALSE,FALSE,FALSE,FALSE,FALSE,FALSE,,6.7,,1051,,,,194
AlCoCrFeNi,10.1016/j.dib.2018.11.111,TRUE,FALSE,FALSE,FALSE,FALSE,FALSE,FALSE,,6.7,,1110,,,,194
AlCoCrFeNi,10.1016/j.dib.2018.11.111,TRUE,FALSE,FALSE,FALSE,FALSE,FALSE,FALSE,,6.7,,1138,,,125,194
AlCoCrFeNi,10.1016/j.dib.2018.11.111,TRUE,FALSE,FALSE,FALSE,FALSE,FALSE,FALSE,,6.7,,1138,,11,125,194
AlCoCrFeNi,10.1016/j.dib.2018.11.111,TRUE,FALSE,FALSE,FALSE,FALSE,FALSE,FALSE,,6.7,,1051,,,,194
AlCoCrFeNi,10.1016/j.dib.2018.11.111,TRUE,FALSE,FALSE,FALSE,FALSE,FALSE,FALSE,,6.7,520,1373,3531,25,,194
Al1.25CoCrFeNi,10.1016/j.dib.2018.11.111,TRUE,FALSE,FALSE,FALSE,FALSE,FALSE,FALSE,,6.5,487,,,,,188
Al1.25CoCrFeNi,10.1016/j.dib.2018.11.111,TRUE,FALSE,FALSE,FALSE,FALSE,FALSE,FALSE,,6.5,499,,,,,188
Al1.5CoCrFeNi,10.1016/j.dib.2018.11.111,TRUE,FALSE,FALSE,FALSE,FALSE,FALSE,FALSE,,6.2,484,,,,,183
Al1.5CoCrFeNi,10.1016/j.dib.2018.11.111,TRUE,FALSE,FALSE,FALSE,FALSE,FALSE,FALSE,,6.2,517,,,,,183
Al1.5CoCrFeNi,10.1016/j.dib.2018.11.111,TRUE,FALSE,FALSE,FALSE,FALSE,FALSE,FALSE,,6.2,402,,,,,183
Al2CoCrFeNi,10.1016/j.dib.2018.11.111,TRUE,FALSE,FALSE,FALSE,FALSE,FALSE,FALSE,,5.9,509,,,,,173
Al2CoCrFeNi,10.1016/j.dib.2018.11.111,TRUE,FALSE,FALSE,FALSE,FALSE,FALSE,FALSE,,5.9,512,,,,,173
Al2CoCrFeNi,10.1016/j.dib.2018.11.111,TRUE,FALSE,FALSE,FALSE,FALSE,FALSE,FALSE,,5.9,432,,,,,173
Al2.5CoCrFeNi,10.1016/j.dib.2018.11.111,TRUE,FALSE,FALSE,FALSE,FALSE,FALSE,FALSE,,5.6,487,,,,,165
Al3CoCrFeNi,10.1016/j.dib.2018.11.111,TRUE,FALSE,FALSE,FALSE,FALSE,FALSE,FALSE,,5.3,506,,,,,158
AlC0.1CoCrFeNi,10.1016/j.dib.2018.11.111,TRUE,FALSE,FALSE,FALSE,TRUE,TRUE,TRUE,,6.7,,957,2550,11,213,
AlC0.2CoCrFeNi,10.1016/j.dib.2018.11.111,TRUE,FALSE,FALSE,FALSE,TRUE,TRUE,TRUE,,6.8,,906,2386,9,151,
AlC0.3CoCrFeNi,10.1016/j.dib.2018.11.111,TRUE,FALSE,FALSE,FALSE,TRUE,TRUE,TRUE,,6.8,,867,2178,8,137,
AlC0.4CoCrFeNi,10.1016/j.dib.2018.11.111,TRUE,FALSE,FALSE,FALSE,TRUE,TRUE,TRUE,,6.8,,1056,2375,7,156,
AlC0.5CoCrFeNi,10.1016/j.dib.2018.11.111,TRUE,FALSE,FALSE,FALSE,TRUE,TRUE,TRUE,,6.8,,1060,2250,6,181,
AlCCoCrFeNi,10.1016/j.dib.2018.11.111,TRUE,FALSE,FALSE,FALSE,TRUE,TRUE,TRUE,,6.9,,1251,2166,7,75,
AlC1.5CoCrFeNi,10.1016/j.dib.2018.11.111,TRUE,FALSE,FALSE,FALSE,TRUE,TRUE,TRUE,,7,,1255,2083,6,73,
Al0.5CoCrFeMo0.5Ni,10.1016/j.dib.2018.11.111,FALSE,TRUE,FALSE,FALSE,TRUE,TRUE,TRUE,,7.7,425,,,,,
AlCo0.5CrFeMo0.5Ni,10.1016/j.dib.2018.11.111,TRUE,FALSE,FALSE,FALSE,TRUE,TRUE,TRUE,,7,801,,,,,
AlCoCrFe0.5Mo0.5Ni,10.1016/j.dib.2018.11.111,TRUE,FALSE,FALSE,FALSE,TRUE,TRUE,TRUE,,7,755,,,,,
AlCoCrFe0.6Mo0.5Ni,10.1016/j.dib.2018.11.111,TRUE,FALSE,FALSE,FALSE,TRUE,TRUE,TRUE,,7.1,754,,,,,
AlCoCrFeMo0.1Ni,10.1016/j.dib.2018.11.111,TRUE,FALSE,FALSE,FALSE,FALSE,FALSE,FALSE,,6.8,,1804,2280,9,,196
AlCoCrFeMo0.2Ni,10.1016/j.dib.2018.11.111,TRUE,FALSE,FALSE,FALSE,TRUE,TRUE,TRUE,,6.9,,2456,2953,3,,
AlCoCrFeMo0.3Ni,10.1016/j.dib.2018.11.111,TRUE,FALSE,FALSE,FALSE,TRUE,TRUE,TRUE,,7,,2649,3208,3,,
AlCoCrFeMo0.4Ni,10.1016/j.dib.2018.11.111,TRUE,FALSE,FALSE,FALSE,TRUE,TRUE,TRUE,,7,,2670,3161,3,,
AlCoCrFeMo0.5Ni0.5,10.1016/j.dib.2018.11.111,TRUE,FALSE,FALSE,FALSE,TRUE,TRUE,TRUE,,7,708,,,,,
AlCoCrFeMo0.5Ni,10.1016/j.dib.2018.11.111,TRUE,FALSE,FALSE,FALSE,TRUE,TRUE,TRUE,,7.1,,2757,3036,3,,
AlCoCrFeMo0.5Ni,10.1016/j.dib.2018.11.111,TRUE,FALSE,FALSE,FALSE,TRUE,TRUE,TRUE,,7.1,796,,,,,
AlCoCrFeMo0.5Ni,10.1016/j.dib.2018.11.111,TRUE,FALSE,FALSE,FALSE,TRUE,TRUE,TRUE,,7.1,715,,,,,
AlCoCrFeMo0.5Ni,10.1016/j.dib.2018.11.111,TRUE,FALSE,FALSE,FALSE,TRUE,TRUE,TRUE,,7.1,730,,,,,
AlCoCrFeMo0.5Ni1.5,10.1016/j.dib.2018.11.111,TRUE,TRUE,FALSE,FALSE,TRUE,TRUE,TRUE,,7.2,586,,,,,
AlCoCrFeMo0.5Ni2,10.1016/j.dib.2018.11.111,TRUE,TRUE,FALSE,FALSE,TRUE,TRUE,TRUE,,7.4,395,,,,,
AlCo1.5CrFeMo0.5Ni,10.1016/j.dib.2018.11.111,TRUE,FALSE,FALSE,FALSE,TRUE,TRUE,TRUE,,7.2,741,,,,,
AlCo2CrFeMo0.5Ni,10.1016/j.dib.2018.11.111,TRUE,TRUE,FALSE,FALSE,TRUE,TRUE,TRUE,,7.3,586,,,,,
AlCoCrFe1.5Mo0.5Ni,10.1016/j.dib.2018.11.111,TRUE,FALSE,FALSE,FALSE,TRUE,TRUE,TRUE,,7.2,635,,,,,
AlCoCrFe2Mo0.5Ni,10.1016/j.dib.2018.11.111,TRUE,FALSE,FALSE,FALSE,TRUE,TRUE,TRUE,,7.2,639,,,,,
Al1.5CoCrFeMo0.5Ni,10.1016/j.dib.2018.11.111,TRUE,FALSE,FALSE,FALSE,TRUE,TRUE,TRUE,,6.6,655,,,,,
Al2CoCrFeMo0.5Ni,10.1016/j.dib.2018.11.111,TRUE,FALSE,FALSE,FALSE,FALSE,FALSE,FALSE,,6.3,605,,,,,185
AlCoCrFeNb0.1Ni,10.1016/j.dib.2018.11.111,TRUE,FALSE,FALSE,FALSE,FALSE,FALSE,FALSE,,6.8,569,1641,3285,17,,192
AlCoCrFeNb0.25Ni,10.1016/j.dib.2018.11.111,TRUE,FALSE,FALSE,FALSE,TRUE,TRUE,TRUE,,6.8,668,1959,3008,11,,
AlCoCrFeNb0.5Ni,10.1016/j.dib.2018.11.111,TRUE,FALSE,FALSE,FALSE,TRUE,TRUE,TRUE,,7,747,2473,3170,4,,
AlCoCrFeNb0.75Ni,10.1016/j.dib.2018.11.111,TRUE,FALSE,FALSE,FALSE,TRUE,TRUE,TRUE,,7,,,,,,
AlCoCrFeNiSi0.2,10.1016/j.dib.2018.11.111,TRUE,FALSE,FALSE,FALSE,FALSE,FALSE,FALSE,,6.5,,1265,2173,14,,188
AlCoCrFeNiSi0.4,10.1016/j.dib.2018.11.111,TRUE,FALSE,FALSE,FALSE,FALSE,FALSE,FALSE,,6.2,,1481,2444,13,,183
AlCoCrFeNiSi0.6,10.1016/j.dib.2018.11.111,TRUE,FALSE,FALSE,FALSE,FALSE,FALSE,FALSE,,6,,1834,2195,3,,178
AlCoCrFeNiSi0.8,10.1016/j.dib.2018.11.111,TRUE,FALSE,FALSE,FALSE,TRUE,TRUE,TRUE,,5.8,,2179,2664,2,,
AlCoCrFeNiSi,10.1016/j.dib.2018.11.111,TRUE,FALSE,FALSE,FALSE,FALSE,FALSE,FALSE,,5.7,,1110,,,,169
AlCoCrFeNiSi,10.1016/j.dib.2018.11.111,TRUE,FALSE,FALSE,FALSE,TRUE,TRUE,TRUE,,5.7,,2411,2950,1,,
Al0.2Co1.5CrFeNi1.5Ti0.5,10.1016/j.dib.2018.11.111,FALSE,TRUE,FALSE,FALSE,FALSE,FALSE,FALSE,,7.6,487,,,,,206
Al0.2Co1.5CrFeNi1.5Ti,10.1016/j.dib.2018.11.111,FALSE,TRUE,FALSE,FALSE,TRUE,TRUE,TRUE,,7.2,717,,,,,
Al0.5CoCrFeNiTi,10.1016/j.dib.2018.11.111,TRUE,FALSE,FALSE,FALSE,TRUE,TRUE,TRUE,,6.6,,,1600,10,107,
AlCoCrFeNiTi0.5,10.1016/j.dib.2018.11.111,FALSE,TRUE,FALSE,FALSE,FALSE,FALSE,FALSE,,6.4,178,2040,3135,24,72,187
AlCoCrFeNiTi0.5,10.1016/j.dib.2018.11.111,TRUE,FALSE,FALSE,FALSE,FALSE,FALSE,FALSE,,6.4,178,2260,3140,23,178,187
AlCoCrFeNiTi,10.1016/j.dib.2018.11.111,TRUE,FALSE,FALSE,FALSE,FALSE,FALSE,FALSE,,6.2,,1860,2580,9,90,181
AlCoCrFeNiTi,10.1016/j.dib.2018.11.111,TRUE,FALSE,FALSE,FALSE,TRUE,TRUE,TRUE,,6.2,,,2280,6,148,
AlCoCrFeNiTi1.5,10.1016/j.dib.2018.11.111,TRUE,FALSE,FALSE,FALSE,TRUE,TRUE,TRUE,,6.1,,2220,2720,5,160,
Al1.5CoCrFeNiTi,10.1016/j.dib.2018.11.111,TRUE,FALSE,FALSE,FALSE,FALSE,FALSE,FALSE,,5.9,,,2110,10,133,172
Al2CoCrFeNiTi,10.1016/j.dib.2018.11.111,TRUE,FALSE,FALSE,FALSE,FALSE,FALSE,FALSE,,5.6,643,,1030,5,94,165
AlCoCrFeNiTiVZr,10.1016/j.dib.2018.11.111,FALSE,FALSE,FALSE,FALSE,FALSE,FALSE,FALSE,,6.3,780,,,,,
CoCrFeMnNi,10.1016/j.dib.2018.11.111,FALSE,TRUE,FALSE,FALSE,FALSE,FALSE,FALSE,,8,176,208,,62,,219
CoCrFeMnNi,10.1016/j.dib.2018.11.111,FALSE,TRUE,FALSE,FALSE,FALSE,FALSE,FALSE,,8,144,230,,75,,219
CoCrFeMnNiV0.25,10.1016/j.dib.2018.11.111,FALSE,TRUE,FALSE,FALSE,FALSE,FALSE,FALSE,,7.9,151,200,,75,,215
CoCrFeMnNiV0.5,10.1016/j.dib.2018.11.111,FALSE,TRUE,FALSE,FALSE,FALSE,FALSE,FALSE,,7.8,186,620,,75,,211
CoCrFeMnNiV0.75,10.1016/j.dib.2018.11.111,FALSE,TRUE,FALSE,FALSE,TRUE,TRUE,TRUE,,7.7,342,740,1325,8,,
CoCrFeMnNiV1.0,10.1016/j.dib.2018.11.111,FALSE,TRUE,FALSE,FALSE,TRUE,TRUE,TRUE,,7.7,650,1660,1845,< 1,,
Al0.10CoCrFeMnNi,10.1016/j.dib.2018.11.111,FALSE,TRUE,FALSE,FALSE,FALSE,FALSE,FALSE,,7.9,180,,,,,216
Al0.20CoCrFeMnNi,10.1016/j.dib.2018.11.111,FALSE,TRUE,FALSE,FALSE,FALSE,FALSE,FALSE,,7.7,171,220,,56,,214
Al0.38CoCrFeMnNi,10.1016/j.dib.2018.11.111,FALSE,TRUE,FALSE,FALSE,FALSE,FALSE,FALSE,,7.5,182,244,,45,,209
Al0.43CoCrFeMnNi,10.1016/j.dib.2018.11.111,TRUE,TRUE,FALSE,FALSE,FALSE,TRUE,FALSE,,7.4,183,285,,35,,208
Al0.49CoCrFeMnNi,10.1016/j.dib.2018.11.111,TRUE,TRUE,FALSE,FALSE,FALSE,TRUE,FALSE,,7.4,220,331,,29,,206
Al0.56CoCrFeMnNi,10.1016/j.dib.2018.11.111,TRUE,TRUE,FALSE,FALSE,FALSE,TRUE,FALSE,,7.3,278,526,,16,,204
Al0.62CoCrFeMnNi,10.1016/j.dib.2018.11.111,TRUE,TRUE,FALSE,FALSE,FALSE,TRUE,FALSE,,7.2,405,833,,5,,203
Al0.68CoCrFeMnNi,10.1016/j.dib.2018.11.111,TRUE,TRUE,FALSE,FALSE,FALSE,TRUE,FALSE,,7.2,486,,,,,202
Al0.75CoCrFeMnNi,10.1016/j.dib.2018.11.111,TRUE,TRUE,FALSE,FALSE,FALSE,TRUE,FALSE,,7.1,530,,,,,200
Al0.81CoCrFeMnNi,10.1016/j.dib.2018.11.111,TRUE,TRUE,FALSE,FALSE,FALSE,TRUE,FALSE,,7,539,,,,,199
Al0.88CoCrFeMnNi,10.1016/j.dib.2018.11.111,TRUE,TRUE,FALSE,FALSE,FALSE,TRUE,FALSE,,7,533,,,,,197
Al0.95CoCrFeMnNi,10.1016/j.dib.2018.11.111,TRUE,TRUE,FALSE,FALSE,FALSE,TRUE,FALSE,,6.9,535,,,,,196
Al1.25CoCrFeMnNi,10.1016/j.dib.2018.11.111,TRUE,FALSE,FALSE,FALSE,FALSE,FALSE,FALSE,,6.6,539,,,,,190
CoCrNi,10.1016/j.dib.2018.11.111,FALSE,TRUE,FALSE,FALSE,FALSE,FALSE,FALSE,,8.3,,300,860,60,,229
CoMnNi,10.1016/j.dib.2018.11.111,FALSE,TRUE,FALSE,FALSE,FALSE,FALSE,FALSE,,8.4,,231,653,38,,202
FeMnNi,10.1016/j.dib.2018.11.111,FALSE,TRUE,FALSE,FALSE,FALSE,FALSE,FALSE,,8.1,,221,602,36,,203
CoCrFeNi,10.1016/j.dib.2018.11.111,FALSE,TRUE,FALSE,FALSE,FALSE,FALSE,FALSE,,8.2,,274,708,39,,225
CoCrMnNi,10.1016/j.dib.2018.11.111,FALSE,TRUE,FALSE,FALSE,FALSE,FALSE,FALSE,,8.1,,282,694,44,,222
CoFeMnNi,10.1016/j.dib.2018.11.111,FALSE,TRUE,FALSE,FALSE,FALSE,FALSE,FALSE,,8.2,,170,550,41,,205
Al0.5CrFe1.5MnNi0.5,10.1016/j.dib.2018.11.111,TRUE,FALSE,FALSE,FALSE,FALSE,FALSE,FALSE,,7,396,,,,,206
Al0.3CrFe1.5MnNi0.5,10.1016/j.dib.2018.11.111,TRUE,TRUE,FALSE,FALSE,FALSE,TRUE,FALSE,,7.2,297,,,,,213
AlCoCrFeMo0.5,10.1016/j.dib.2018.11.111,TRUE,FALSE,FALSE,FALSE,TRUE,TRUE,TRUE,,6.8,857,,,,,
AlCrFeNi,10.1016/j.dib.2018.11.111,TRUE,FALSE,FALSE,FALSE,FALSE,FALSE,FALSE,,6.3,472,1406,2927,29,,190
AlCrFeNiMo0.2,10.1016/j.dib.2018.11.111,TRUE,FALSE,FALSE,FALSE,FALSE,FALSE,FALSE,,6.5,549,1487,3222,29,,197
AlCrFeNiMo0.5,10.1016/j.dib.2018.11.111,TRUE,FALSE,FALSE,FALSE,FALSE,FALSE,FALSE,,6.8,622,1749,2644,13,,205
AlCrFeNiMo0.8,10.1016/j.dib.2018.11.111,TRUE,FALSE,FALSE,FALSE,TRUE,TRUE,TRUE,,7,854,1513,1513,< 1,,
AlCrFeNiMo,10.1016/j.dib.2018.11.111,TRUE,FALSE,FALSE,FALSE,TRUE,TRUE,TRUE,,7.2,905,,,,,
CoCrCuFe,10.1016/j.dib.2018.11.111,FALSE,TRUE,FALSE,FALSE,FALSE,FALSE,FALSE,,8.2,134,,,,,206
Al0.3CoCrCuFe,10.1016/j.dib.2018.11.111,FALSE,TRUE,FALSE,FALSE,FALSE,FALSE,FALSE,,7.7,180,,,,,194
Al0.5CoCrCuFe,10.1016/j.dib.2018.11.111,FALSE,TRUE,FALSE,FALSE,FALSE,FALSE,FALSE,,7.4,207,,,,,187
Al0.8CoCrCuFe,10.1016/j.dib.2018.11.111,TRUE,TRUE,FALSE,FALSE,FALSE,TRUE,FALSE,,7,271,,,,,177
AlCoCrCuFe,10.1016/j.dib.2018.11.111,TRUE,TRUE,FALSE,FALSE,FALSE,TRUE,FALSE,,6.8,407,,,,,172
Al1.3CoCrCuFe,10.1016/j.dib.2018.11.111,TRUE,TRUE,FALSE,FALSE,FALSE,TRUE,FALSE,,6.5,476,,,,,165
Al1.5CoCrCuFe,10.1016/j.dib.2018.11.111,TRUE,TRUE,FALSE,FALSE,FALSE,TRUE,FALSE,,6.3,510,,,,,167
Al1.8CoCrCuFe,10.1016/j.dib.2018.11.111,TRUE,TRUE,FALSE,FALSE,FALSE,TRUE,FALSE,,6,557,,,,,155
Al2.0CoCrCuFe,10.1016/j.dib.2018.11.111,TRUE,TRUE,FALSE,FALSE,FALSE,TRUE,FALSE,,5.9,567,,,,,152
Al2.3CoCrCuFe,10.1016/j.dib.2018.11.111,TRUE,TRUE,FALSE,FALSE,FALSE,TRUE,FALSE,,5.7,603,,,,,147
Al2.5CoCrCuFe,10.1016/j.dib.2018.11.111,TRUE,TRUE,FALSE,FALSE,FALSE,TRUE,FALSE,,5.6,624,,,,,144
Al2.8CoCrCuFe,10.1016/j.dib.2018.11.111,TRUE,FALSE,FALSE,FALSE,FALSE,FALSE,FALSE,,5.5,657,,,,,140
Al3.0CoCrCuFe,10.1016/j.dib.2018.11.111,TRUE,FALSE,FALSE,FALSE,FALSE,FALSE,FALSE,,5.4,644,,,,,138
CoCrCu0.5FeNi,10.1016/j.dib.2018.11.111,FALSE,TRUE,FALSE,FALSE,FALSE,FALSE,FALSE,,8.3,172,,,,,214
CoCrCuFeNi,10.1016/j.dib.2018.11.111,FALSE,TRUE,FALSE,FALSE,FALSE,FALSE,FALSE,,8.3,132,230,,,56,206
CoCrCuFeNi,10.1016/j.dib.2018.11.111,FALSE,TRUE,FALSE,FALSE,FALSE,FALSE,FALSE,,8.3,286,230,888,51,56,206
CoCrCuFeNi,10.1016/j.dib.2018.11.111,FALSE,TRUE,FALSE,FALSE,FALSE,FALSE,FALSE,,8.3,286,,,,,206
CoCrCuFeNiTi0.5,10.1016/j.dib.2018.11.111,FALSE,TRUE,FALSE,FALSE,FALSE,FALSE,FALSE,,7.8,,700,1650,29,93,198
CoCrCuFeNiTi0.5,10.1016/j.dib.2018.11.111,FALSE,TRUE,FALSE,FALSE,FALSE,FALSE,FALSE,,7.8,,700,1650,22,99,198
CoCrCuFeNiTi0.8,10.1016/j.dib.2018.11.111,FALSE,TRUE,FALSE,FALSE,TRUE,TRUE,TRUE,,7.6,,1042,1848,3,128,128
CoCrCuFeNiTi,10.1016/j.dib.2018.11.111,FALSE,TRUE,FALSE,FALSE,FALSE,FALSE,FALSE,,7.4,,1272,1272,2,77,191
Al0.25CoCrCu0.5FeNiTi0.5,10.1016/j.dib.2018.11.111,FALSE,TRUE,FALSE,FALSE,FALSE,FALSE,FALSE,,7.4,,,,,,198
Al0.25CoCrCu0.75FeNiTi0.5,10.1016/j.dib.2018.11.111,FALSE,TRUE,FALSE,FALSE,FALSE,FALSE,FALSE,,7.5,,750,1970,39,103,195
Al0.3CoCrCuFeNi,10.1016/j.dib.2018.11.111,FALSE,TRUE,FALSE,FALSE,FALSE,FALSE,FALSE,,7.9,180,,,,,198
Al0.5CoCrCuFeNi,10.1016/j.dib.2018.11.111,FALSE,TRUE,FALSE,FALSE,FALSE,FALSE,FALSE,,7.6,210,388,,,,193
Al0.5CoCrCuFeNi,10.1016/j.dib.2018.11.111,FALSE,FALSE,FALSE,FALSE,FALSE,FALSE,FALSE,,7.6,300,,,,,193
Al0.5CoCrCuFeNi,10.1016/j.dib.2018.11.111,FALSE,TRUE,FALSE,FALSE,FALSE,FALSE,FALSE,,7.6,225,,,,,193
Al0.5CoCrCuFeNi,10.1016/j.dib.2018.11.111,FALSE,TRUE,FALSE,FALSE,FALSE,FALSE,FALSE,,7.6,215,,,,,193
Al0.8CoCrCuFeNi,10.1016/j.dib.2018.11.111,TRUE,TRUE,FALSE,FALSE,FALSE,TRUE,FALSE,,7.3,270,,,,,187
Al0.8CoCrCuFeNi,10.1016/j.dib.2018.11.111,FALSE,TRUE,FALSE,FALSE,FALSE,FALSE,FALSE,,7.3,270,,,,,187
AlCoCrCuFeNi,10.1016/j.dib.2018.11.111,TRUE,TRUE,FALSE,FALSE,FALSE,TRUE,FALSE,,7.1,406,950,,,,183
AlCoCrCuFeNi,10.1016/j.dib.2018.11.111,TRUE,TRUE,FALSE,FALSE,FALSE,TRUE,FALSE,,7.1,472,,,,,184
AlCoCrCuFeNi,10.1016/j.dib.2018.11.111,TRUE,TRUE,FALSE,FALSE,FALSE,TRUE,FALSE,,7.1,,1303,,24,,183
AlCoCrCuFeMnNi,10.1016/j.dib.2018.11.111,TRUE,TRUE,FALSE,FALSE,TRUE,TRUE,TRUE,,7.1,,1005,,15,,
AlCoCrCuFeNiTi,10.1016/j.dib.2018.11.111,TRUE,TRUE,FALSE,FALSE,FALSE,TRUE,FALSE,,6.6,,1234,,9,,174
AlCoCrCuFeNiV,10.1016/j.dib.2018.11.111,TRUE,TRUE,FALSE,FALSE,FALSE,TRUE,FALSE,,6.9,,1469,,16,,175
Al1.3CoCrCuFeNi,10.1016/j.dib.2018.11.111,TRUE,TRUE,FALSE,FALSE,FALSE,TRUE,FALSE,,6.8,470,,,,,178
Al1.5CoCrCuFeNi,10.1016/j.dib.2018.11.111,TRUE,TRUE,FALSE,FALSE,FALSE,TRUE,FALSE,,6.6,506,,,,133,174
Al1.8CoCrCuFeNi,10.1016/j.dib.2018.11.111,TRUE,TRUE,FALSE,FALSE,FALSE,TRUE,FALSE,,6.4,650,,,,,170
Al2CoCrCuFeNi,10.1016/j.dib.2018.11.111,TRUE,TRUE,FALSE,FALSE,FALSE,TRUE,FALSE,,6.3,560,1620,,,,167
Al2.3CoCrCuFeNi,10.1016/j.dib.2018.11.111,TRUE,TRUE,FALSE,FALSE,FALSE,TRUE,FALSE,,6.1,600,,,,,163
Al2.5CoCrCuFeNi,10.1016/j.dib.2018.11.111,TRUE,TRUE,FALSE,FALSE,FALSE,TRUE,FALSE,,6,620,,,,,161
Al2.8CoCrCuFeNi,10.1016/j.dib.2018.11.111,TRUE,FALSE,FALSE,FALSE,FALSE,FALSE,FALSE,,5.8,650,,,,,157
Al3CoCrCuFeNi,10.1016/j.dib.2018.11.111,TRUE,FALSE,FALSE,FALSE,FALSE,FALSE,FALSE,,5.7,640,,,,,153
Al0.5B0.2CoCrCuFeNi,10.1016/j.dib.2018.11.111,FALSE,FALSE,FALSE,FALSE,FALSE,FALSE,FALSE,,7.7,415,,,,,
Al0.5B0.6CoCrCuFeNi,10.1016/j.dib.2018.11.111,FALSE,FALSE,FALSE,FALSE,FALSE,FALSE,FALSE,,7.7,505,,,,,
Al0.5BCoCrCuFeNi,10.1016/j.dib.2018.11.111,FALSE,FALSE,FALSE,FALSE,FALSE,FALSE,FALSE,,7.8,736,,,,,
Al0.5CoCrCu0.5FeNiTi0.5,10.1016/j.dib.2018.11.111,TRUE,TRUE,FALSE,FALSE,FALSE,TRUE,FALSE,,7.1,,1580,2389,17,161,192
Al0.5CoCrCuFeNiTi0.2,10.1016/j.dib.2018.11.111,FALSE,TRUE,FALSE,FALSE,FALSE,FALSE,FALSE,,7.5,272,,,,,191
Al0.5CoCrCuFeNiTi0.4,10.1016/j.dib.2018.11.111,FALSE,TRUE,FALSE,FALSE,FALSE,FALSE,FALSE,,7.3,321,,,,,188
Al0.5CoCrCuFeNiTi0.6,10.1016/j.dib.2018.11.111,TRUE,TRUE,FALSE,FALSE,FALSE,TRUE,FALSE,,7.2,458,,,,,186
Al0.5CoCrCuFeNiTi0.8,10.1016/j.dib.2018.11.111,TRUE,TRUE,FALSE,FALSE,FALSE,TRUE,FALSE,,7.1,590,,,,,184
Al0.5CoCrCuFeNiTi,10.1016/j.dib.2018.11.111,TRUE,TRUE,FALSE,FALSE,TRUE,TRUE,TRUE,,7,636,,,,,
Al0.5CoCrCuFeNiTi1.2,10.1016/j.dib.2018.11.111,TRUE,TRUE,FALSE,FALSE,TRUE,TRUE,TRUE,,6.9,646,,,,,
Al0.5CoCrCuFeNiTi1.4,10.1016/j.dib.2018.11.111,TRUE,TRUE,FALSE,FALSE,TRUE,TRUE,TRUE,,6.8,664,,,,,
Al0.5CoCrCuFeNiTi1.6,10.1016/j.dib.2018.11.111,TRUE,TRUE,FALSE,FALSE,TRUE,TRUE,TRUE,,6.7,657,,,,,
Al0.5CoCrCuFeNiTi1.8,10.1016/j.dib.2018.11.111,TRUE,TRUE,FALSE,FALSE,TRUE,TRUE,TRUE,,6.6,667,,,,,
Al0.5CoCrCuFeNiTi2,10.1016/j.dib.2018.11.111,TRUE,TRUE,FALSE,FALSE,TRUE,TRUE,TRUE,,6.5,696,,,,,
Al0.5CoCrCuFeNiV0.2,10.1016/j.dib.2018.11.111,FALSE,TRUE,FALSE,FALSE,FALSE,FALSE,FALSE,,7.6,204,,,,,191
Al0.5CoCrCuFeNiV0.4,10.1016/j.dib.2018.11.111,TRUE,TRUE,FALSE,FALSE,FALSE,TRUE,FALSE,,7.5,231,,,,,189
Al0.5CoCrCuFeNiV0.6,10.1016/j.dib.2018.11.111,TRUE,TRUE,FALSE,FALSE,TRUE,TRUE,TRUE,,7.5,328,,,,,
Al0.5CoCrCuFeNiV0.8,10.1016/j.dib.2018.11.111,TRUE,TRUE,FALSE,FALSE,TRUE,TRUE,TRUE,,7.4,447,,,,,
Al0.5CoCrCuFeNiV1.0,10.1016/j.dib.2018.11.111,TRUE,TRUE,FALSE,FALSE,TRUE,TRUE,TRUE,,7.4,639,,,,,
Al0.5CoCrCuFeNiV1.2,10.1016/j.dib.2018.11.111,TRUE,FALSE,FALSE,FALSE,FALSE,FALSE,FALSE,,7.3,579,,,,,182
Al0.5CoCrCuFeNiV1.4,10.1016/j.dib.2018.11.111,TRUE,FALSE,FALSE,FALSE,FALSE,FALSE,FALSE,,7.3,577,,,,,180
Al0.5CoCrCuFeNiV1.6,10.1016/j.dib.2018.11.111,TRUE,FALSE,FALSE,FALSE,FALSE,FALSE,FALSE,,7.2,594,,,,,179
Al0.5CoCrCuFeNiV1.8,10.1016/j.dib.2018.11.111,TRUE,FALSE,FALSE,FALSE,FALSE,FALSE,FALSE,,7.2,597,,,,,177
Al0.5CoCrCuFeNiV2.0,10.1016/j.dib.2018.11.111,TRUE,FALSE,FALSE,FALSE,FALSE,FALSE,FALSE,,7.2,587,,,,,176
Al0.75CoCrCu0.25FeNiTi0.5,10.1016/j.dib.2018.11.111,TRUE,TRUE,FALSE,FALSE,FALSE,TRUE,FALSE,,6.8,,1900,2697,12,164,189
AlCoCrCuNiTi,10.1016/j.dib.2018.11.111,TRUE,FALSE,FALSE,FALSE,FALSE,FALSE,FALSE,,6.4,,,1495,8,36,167
AlCoCrCuNiTiY0.5,10.1016/j.dib.2018.11.111,FALSE,FALSE,FALSE,FALSE,TRUE,FALSE,TRUE,,6.1,,,1025,3,36,
AlCoCrCuNiTiY0.8,10.1016/j.dib.2018.11.111,FALSE,FALSE,FALSE,FALSE,TRUE,FALSE,TRUE,,5.9,,,1325,5,38,
AlCoCrCuNiTiY,10.1016/j.dib.2018.11.111,FALSE,FALSE,FALSE,FALSE,TRUE,FALSE,TRUE,,5.8,,,1192,4,37,
AlCoFeNi,10.1016/j.dib.2018.11.111,TRUE,FALSE,FALSE,FALSE,FALSE,FALSE,FALSE,,6.6,456,964,,,,173
AlCoFeNiTiVZr,10.1016/j.dib.2018.11.111,TRUE,FALSE,FALSE,FALSE,FALSE,FALSE,FALSE,,6.2,790,,,,,143
CoCuFeNi,10.1016/j.dib.2018.11.111,FALSE,TRUE,FALSE,FALSE,FALSE,FALSE,FALSE,,8.6,,,480,15,,188
CoCuFeNiSn0.02,10.1016/j.dib.2018.11.111,FALSE,TRUE,FALSE,FALSE,FALSE,FALSE,FALSE,,8.6,,,548,17,,187
CoCuFeNiSn0.04,10.1016/j.dib.2018.11.111,FALSE,TRUE,FALSE,FALSE,TRUE,TRUE,TRUE,,8.6,,,594,18,,
CoCuFeNiSn0.05,10.1016/j.dib.2018.11.111,FALSE,TRUE,FALSE,FALSE,TRUE,TRUE,TRUE,,8.6,,,615,20,,
CoCuFeNiSn0.07,10.1016/j.dib.2018.11.111,FALSE,TRUE,FALSE,FALSE,TRUE,TRUE,TRUE,,8.6,,,632,19,,
CoCuFeNiSn0.1,10.1016/j.dib.2018.11.111,FALSE,TRUE,FALSE,FALSE,TRUE,TRUE,TRUE,,8.6,,,602,5,,
CoCuFeNiSn0.2,10.1016/j.dib.2018.11.111,FALSE,TRUE,FALSE,FALSE,TRUE,TRUE,TRUE,,8.5,,,261,2,,
CoCuFeNiSn0.5,10.1016/j.dib.2018.11.111,FALSE,TRUE,FALSE,FALSE,TRUE,TRUE,TRUE,,8.3,,,,,,
AlCoCuFeNi,10.1016/j.dib.2018.11.111,TRUE,TRUE,FALSE,FALSE,FALSE,TRUE,FALSE,,7,536,,,,,164
AlCoCuFeNbNi,10.1016/j.dib.2018.11.111,FALSE,FALSE,FALSE,FALSE,TRUE,FALSE,TRUE,,7.4,578,,,,,
AlCoCuFeNiSi,10.1016/j.dib.2018.11.111,TRUE,TRUE,FALSE,FALSE,FALSE,TRUE,FALSE,,5.9,682,,,,,145
AlCoCuFeNiTi,10.1016/j.dib.2018.11.111,TRUE,TRUE,FALSE,FALSE,FALSE,TRUE,FALSE,,6.5,626,,,,,156
AlCoCuFeNiZr,10.1016/j.dib.2018.11.111,TRUE,TRUE,FALSE,FALSE,TRUE,TRUE,TRUE,,6.9,472,,,,,
CoCuFeMnNi,10.1016/j.dib.2018.11.111,FALSE,TRUE,FALSE,FALSE,FALSE,FALSE,FALSE,,8.4,208,,478,14,,190
CoCuFeMnNiSn0.03,10.1016/j.dib.2018.11.111,FALSE,TRUE,FALSE,FALSE,FALSE,FALSE,FALSE,,8.4,192,,465,18,,
CoCuFeMnNiSn0.05,10.1016/j.dib.2018.11.111,FALSE,TRUE,FALSE,FALSE,TRUE,TRUE,TRUE,,8.4,205,,475,12,,
CoCuFeMnNiSn0.08,10.1016/j.dib.2018.11.111,FALSE,TRUE,FALSE,FALSE,TRUE,TRUE,TRUE,,8.3,219,,425,7,,
CoCuFeMnNiSn0.10,10.1016/j.dib.2018.11.111,FALSE,TRUE,FALSE,FALSE,TRUE,TRUE,TRUE,,8.3,253,,470,6,,
CoCuFeMnNiSn0.20,10.1016/j.dib.2018.11.111,FALSE,TRUE,FALSE,FALSE,TRUE,TRUE,TRUE,,8.3,319,,368,2,,
CrCuFeMnNi,10.1016/j.dib.2018.11.111,TRUE,TRUE,FALSE,FALSE,FALSE,TRUE,FALSE,,8.1,296,,,,,204
CrCuFeMoNi,10.1016/j.dib.2018.11.111,FALSE,TRUE,FALSE,FALSE,FALSE,FALSE,FALSE,,8.7,263,,,,,230
AlCrCuFeNi0.6,10.1016/j.dib.2018.11.111,TRUE,TRUE,FALSE,FALSE,FALSE,TRUE,FALSE,,6.6,496,,,,,176
AlCrCuFeNi0.8,10.1016/j.dib.2018.11.111,TRUE,TRUE,FALSE,FALSE,FALSE,TRUE,FALSE,,6.7,486,,,,,177
AlCrCuFeNi,10.1016/j.dib.2018.11.111,TRUE,TRUE,FALSE,FALSE,FALSE,TRUE,FALSE,,6.8,495,,,,,178
AlCrCuFeNi1.2,10.1016/j.dib.2018.11.111,TRUE,TRUE,FALSE,FALSE,FALSE,TRUE,FALSE,,6.8,407,,,,,179
AlCrCuFeNi1.4,10.1016/j.dib.2018.11.111,TRUE,TRUE,FALSE,FALSE,FALSE,TRUE,FALSE,,6.9,367,,,,,180
AlCrCuFeNi2,10.1016/j.dib.2018.11.111,TRUE,TRUE,FALSE,FALSE,FALSE,TRUE,FALSE,,7.1,,,,,,182
AlCrCuFeNiTi,10.1016/j.dib.2018.11.111,TRUE,FALSE,FALSE,FALSE,TRUE,TRUE,TRUE,,6.3,,,1219,,,
Al0.2CrCuFeNi2,10.1016/j.dib.2018.11.111,FALSE,TRUE,FALSE,FALSE,FALSE,FALSE,FALSE,,8,,,,,,199
Al0.4CrCuFeNi2,10.1016/j.dib.2018.11.111,FALSE,TRUE,FALSE,FALSE,FALSE,FALSE,FALSE,,7.8,,,,,,194
Al0.6CrCuFeNi2,10.1016/j.dib.2018.11.111,FALSE,TRUE,FALSE,FALSE,FALSE,FALSE,FALSE,,7.5,,,,,,190
Al0.8CrCuFeNi2,10.1016/j.dib.2018.11.111,FALSE,TRUE,FALSE,FALSE,FALSE,FALSE,FALSE,,7.3,,,,,,186
Al1.2CrCuFeNi2,10.1016/j.dib.2018.11.111,TRUE,TRUE,FALSE,FALSE,FALSE,TRUE,FALSE,,6.9,,,,,,178
AlCrCuFeNi,10.1016/j.dib.2018.11.111,TRUE,TRUE,FALSE,FALSE,FALSE,TRUE,FALSE,,6.8,342,,,,,178
Al1.125CuFe0.75NiTi1.125,10.1016/j.dib.2018.11.111,FALSE,TRUE,FALSE,FALSE,FALSE,FALSE,FALSE,,5.9,516,980,1326,7,145,140
Al22.5Cu20Fe15Ni20Ti22.5,10.1016/j.dib.2018.11.111,FALSE,TRUE,FALSE,FALSE,FALSE,FALSE,FALSE,,5.9,516,980,1326,7,145,140
AlCuFeNiTi,10.1016/j.dib.2018.11.111,FALSE,TRUE,FALSE,FALSE,FALSE,FALSE,FALSE,,6.1,516,1074,1617,8,146,145
AlCuNiTi,10.1016/j.dib.2018.11.111,FALSE,TRUE,FALSE,FALSE,FALSE,FALSE,FALSE,,5.7,537,300,536,< 1,108,129
AlLi0.5MgSn0.2Zn0.5,10.1016/j.dib.2018.11.111,FALSE,TRUE,FALSE,FALSE,TRUE,TRUE,TRUE,,2.9,,546,546,,,
AlLiMg0.5ScTi1.5,10.1016/j.dib.2018.11.111,FALSE,TRUE,TRUE,FALSE,FALSE,TRUE,FALSE,,2.7,591,,,,,69
AlLiMgSnZn,10.1016/j.dib.2018.11.111,FALSE,TRUE,TRUE,FALSE,TRUE,TRUE,TRUE,,3.9,,600,615,1,,
Al8Li0.5Mg0.5Sn0.5Zn0.5,10.1016/j.dib.2018.11.111,FALSE,TRUE,FALSE,FALSE,TRUE,TRUE,TRUE,,3,,415,836,16,,
Al8Cu0.5Li0.5Mg0.5Zn0.5,10.1016/j.dib.2018.11.111,FALSE,TRUE,FALSE,FALSE,TRUE,TRUE,TRUE,,2.9,,488,879,17,,
AlCu0.2Li0.5MgZn0.5,10.1016/j.dib.2018.11.111,FALSE,FALSE,FALSE,FALSE,TRUE,FALSE,TRUE,,2.7,,,,,,
AlCu0.5Li0.5MgSn0.2,10.1016/j.dib.2018.11.111,FALSE,FALSE,FALSE,FALSE,TRUE,FALSE,TRUE,,3,,,,,,
AlCr0.5NbTiV,10.1016/j.dib.2018.11.111,TRUE,FALSE,FALSE,FALSE,FALSE,FALSE,FALSE,,5.6,,1300,1430,< 1,,124
AlCrNbTiV,10.1016/j.dib.2018.11.111,TRUE,FALSE,FALSE,FALSE,TRUE,TRUE,TRUE,,5.8,,1550,1570,< 1,,
AlCr1.5NbTiV,10.1016/j.dib.2018.11.111,FALSE,TRUE,FALSE,FALSE,TRUE,TRUE,TRUE,,5.9,,1700,1700,< 1,,
Al0.4Hf0.6NbTaTiZr,10.1016/j.dib.2018.11.111,TRUE,FALSE,FALSE,FALSE,FALSE,FALSE,FALSE,,9.1,500,1841,2269,10,,110
Al0.3HfNbTaTiZr,10.1016/j.dib.2018.11.111,TRUE,FALSE,FALSE,FALSE,FALSE,FALSE,FALSE,9.5,9.6,353,1188,,50,63,108
Al0.5HfNbTaTiZr,10.1016/j.dib.2018.11.111,TRUE,FALSE,FALSE,FALSE,FALSE,FALSE,FALSE,9.34,9.3,396,1302,,46,97,107
Al0.75HfNbTaTiZr,10.1016/j.dib.2018.11.111,TRUE,FALSE,FALSE,FALSE,FALSE,FALSE,FALSE,9.3,9.1,427,1415,,30,102,105
AlMo0.5NbTa0.5TiZr,10.1016/j.dib.2018.11.111,TRUE,FALSE,FALSE,FALSE,FALSE,FALSE,FALSE,,7.1,591,2000,2368,10,,123
Al0.25MoNbTiV,10.1016/j.dib.2018.11.111,TRUE,FALSE,FALSE,FALSE,FALSE,FALSE,FALSE,,7.1,460,1250,,13,,164
Al0.5MoNbTiV,10.1016/j.dib.2018.11.111,TRUE,FALSE,FALSE,FALSE,FALSE,FALSE,FALSE,,6.8,487,1625,,11,,158
Al0.75MoNbTiV,10.1016/j.dib.2018.11.111,TRUE,FALSE,FALSE,FALSE,FALSE,FALSE,FALSE,,6.6,517,1260,,8,,154
AlMoNbTiV,10.1016/j.dib.2018.11.111,TRUE,FALSE,FALSE,FALSE,FALSE,FALSE,FALSE,,6.4,537,1375,,3,,150
Al0.25NbTaTiV,10.1016/j.dib.2018.11.111,TRUE,FALSE,FALSE,FALSE,FALSE,FALSE,FALSE,,8.8,,1330,,,92,130
Al0.5NbTaTiV,10.1016/j.dib.2018.11.111,TRUE,FALSE,FALSE,FALSE,FALSE,FALSE,FALSE,,8.5,,1014,,,97,127
AlNbTaTiV,10.1016/j.dib.2018.11.111,TRUE,FALSE,FALSE,FALSE,FALSE,FALSE,FALSE,,7.9,,993,,,101,121
Al0.3NbTa0.8Ti1.4V0.2Zr1.3,10.1016/j.dib.2018.11.111,TRUE,FALSE,FALSE,FALSE,FALSE,FALSE,FALSE,,7.7,500,1965,2061,5,,110
Al0.5NbTa0.8Ti1.5V0.2Zr,10.1016/j.dib.2018.11.111,TRUE,FALSE,FALSE,FALSE,FALSE,FALSE,FALSE,,7.6,530,2035,2105,5,,111
Al0.3NbTaTi1.4Zr1.3,10.1016/j.dib.2018.11.111,TRUE,FALSE,FALSE,FALSE,FALSE,FALSE,FALSE,,8.1,490,1965,2054,5,,113
AlNb1.5Ta0.5Ti1.5Zr0.5,10.1016/j.dib.2018.11.111,TRUE,FALSE,FALSE,FALSE,FALSE,FALSE,FALSE,,6.8,408,1280,1367,4,,106
AlNbTiV,10.1016/j.dib.2018.11.111,TRUE,FALSE,FALSE,FALSE,FALSE,FALSE,FALSE,,5.5,448,1020,1318,5,,105
AlNbTiV,10.1016/j.dib.2018.11.111,TRUE,FALSE,FALSE,FALSE,FALSE,FALSE,FALSE,,5.5,,1000,1280,5,,105
CrHfNbTiZr,10.1016/j.dib.2018.11.111,TRUE,FALSE,FALSE,FALSE,FALSE,FALSE,FALSE,,8.2,464,1375,2130,3,112,
CrMo0.5NbTa0.5TiZr,10.1016/j.dib.2018.11.111,TRUE,FALSE,FALSE,FALSE,TRUE,TRUE,TRUE,,8,540,1595,2046,5,,
CrNbTiVZr,10.1016/j.dib.2018.11.111,TRUE,FALSE,FALSE,FALSE,TRUE,TRUE,TRUE,,6.6,482,1298,,3,,
CrNbTiZr,10.1016/j.dib.2018.11.111,TRUE,FALSE,FALSE,FALSE,TRUE,TRUE,TRUE,,6.6,418,1260,,6,,
FeMoNiTiVZr,10.1016/j.dib.2018.11.111,TRUE,FALSE,FALSE,FALSE,TRUE,TRUE,TRUE,,7.1,740,,,,,
Hf0.5Mo0.5NbTiZr,10.1016/j.dib.2018.11.111,TRUE,FALSE,FALSE,FALSE,TRUE,TRUE,TRUE,,7.9,400,1178,,25,,
Hf0.5Mo0.5NbSi0.1TiZr,10.1016/j.dib.2018.11.111,TRUE,FALSE,FALSE,FALSE,TRUE,TRUE,TRUE,,7.7,442,1365,,28,,
Hf0.5Mo0.5NbSi0.3TiZr,10.1016/j.dib.2018.11.111,TRUE,FALSE,FALSE,FALSE,TRUE,TRUE,TRUE,,7.5,494,1428,,23,,
Hf0.5Mo0.5NbSi0.5TiZr,10.1016/j.dib.2018.11.111,TRUE,FALSE,FALSE,FALSE,TRUE,TRUE,TRUE,,7.2,524,1605,,23,,
Hf0.5Mo0.5NbSi0.7TiZr,10.1016/j.dib.2018.11.111,TRUE,FALSE,FALSE,FALSE,TRUE,TRUE,TRUE,,7,580,1604,,12,,
Hf0.5Mo0.5NbSi0.9TiZr,10.1016/j.dib.2018.11.111,TRUE,FALSE,FALSE,FALSE,TRUE,TRUE,TRUE,,6.8,640,1677,,9,,
Hf0.5Mo0.5NbTiZrC0.1,10.1016/j.dib.2018.11.111,TRUE,FALSE,FALSE,FALSE,FALSE,FALSE,FALSE,,7.8,,1183,2139,38,,
Hf0.5Mo0.5NbTiZrC0.3,10.1016/j.dib.2018.11.111,TRUE,FALSE,FALSE,FALSE,FALSE,FALSE,FALSE,,7.7,,1201,1965,33,,
HfMo0.25NbTaTiZr,10.1016/j.dib.2018.11.111,TRUE,FALSE,FALSE,FALSE,FALSE,FALSE,FALSE,9.9,9.9,395,1112,,50,96,121
HfMo0.5NbTaTiZr,10.1016/j.dib.2018.11.111,TRUE,FALSE,FALSE,FALSE,FALSE,FALSE,FALSE,10,9.9,480,1317,,50,102,130
HfMo0.75NbTaTiZr,10.1016/j.dib.2018.11.111,TRUE,FALSE,FALSE,FALSE,FALSE,FALSE,FALSE,10,9.9,492,1373,,50,109,139
HfMoNbTaTiZr,10.1016/j.dib.2018.11.111,TRUE,FALSE,FALSE,FALSE,FALSE,FALSE,FALSE,10,10,505,1512,,12,,147
HfMoNbTaTiZr,10.1016/j.dib.2018.11.111,TRUE,FALSE,FALSE,FALSE,FALSE,FALSE,FALSE,10,9.9,505,1512,,12,115,147
HfMoTaTiZr,10.1016/j.dib.2018.11.111,TRUE,FALSE,FALSE,FALSE,FALSE,FALSE,FALSE,10.2,10.2,542,1600,,4,,155
HfMoNbZrTi,10.1016/j.dib.2018.11.111,TRUE,FALSE,FALSE,FALSE,FALSE,FALSE,FALSE,,8.7,,1803,1719,10,,139
HfNbSi0.5TiV,10.1016/j.dib.2018.11.111,TRUE,FALSE,FALSE,FALSE,FALSE,FALSE,FALSE,8.6,7.8,490,1399,1608,11,,
HfNbSi0.5TiVZr,10.1016/j.dib.2018.11.111,TRUE,FALSE,FALSE,FALSE,FALSE,FALSE,FALSE,7.8,7.5,464,1540,1643,17,,
HfNbTaZr,10.1016/j.dib.2018.11.111,TRUE,FALSE,FALSE,FALSE,FALSE,FALSE,FALSE,,11.1,365,1315,,,,109
Hf0.5Nb0.5Ta0.5Ti1.5Zr,10.1016/j.dib.2018.11.111,TRUE,FALSE,FALSE,FALSE,FALSE,FALSE,FALSE,8.1,8.2,301,903,990,19,,107
HfNbTaTiZr,10.1016/j.dib.2018.11.111,TRUE,FALSE,FALSE,FALSE,FALSE,FALSE,FALSE,9.9,9.9,335,1015,,50,85,111
HfNbTaTiZr,10.1016/j.dib.2018.11.111,TRUE,FALSE,FALSE,FALSE,FALSE,FALSE,FALSE,9.7,9.9,295,1073,,50,55,111
HfNbTaTiZr,10.1016/j.dib.2018.11.111,TRUE,FALSE,FALSE,FALSE,FALSE,FALSE,FALSE,,9.9,390,929,,50,,111
HfNbTiVZr,10.1016/j.dib.2018.11.111,TRUE,FALSE,FALSE,FALSE,FALSE,FALSE,FALSE,,8.1,388,1170,1463,30,128,
HfNbTiZr,10.1016/j.dib.2018.11.111,TRUE,FALSE,FALSE,FALSE,FALSE,FALSE,FALSE,,8.4,,879,969,15,,92
MoNbTaV,10.1016/j.dib.2018.11.111,TRUE,FALSE,FALSE,FALSE,FALSE,FALSE,FALSE,,10.7,504,1525,2400,21,,187
MoNbTaVW,10.1016/j.dib.2018.11.111,TRUE,FALSE,FALSE,FALSE,FALSE,FALSE,FALSE,,12.4,536,1246,1270,2,,232
MoNbTaW,10.1016/j.dib.2018.11.111,TRUE,FALSE,FALSE,FALSE,FALSE,FALSE,FALSE,,13.7,454,1058,1211,2,,258
MoNbTiV,10.1016/j.dib.2018.11.111,TRUE,FALSE,FALSE,FALSE,FALSE,FALSE,FALSE,,7.3,441,1200,,26,,170
Mo0.3NbTiVZr,10.1016/j.dib.2018.11.111,TRUE,FALSE,FALSE,FALSE,FALSE,FALSE,FALSE,6.7,,,1289,,42,,
Mo0.5NbTiVZr,10.1016/j.dib.2018.11.111,TRUE,FALSE,FALSE,FALSE,FALSE,FALSE,FALSE,6.8,,,1473,,32,,
Mo0.7NbTiVZr,10.1016/j.dib.2018.11.111,TRUE,FALSE,FALSE,FALSE,FALSE,FALSE,FALSE,7,,,1706,,32,,
MoNbTiVZr,10.1016/j.dib.2018.11.111,TRUE,FALSE,FALSE,FALSE,FALSE,FALSE,FALSE,7.1,,,1779,,32,,
Mo1.3NbTiVZr,10.1016/j.dib.2018.11.111,TRUE,FALSE,FALSE,FALSE,FALSE,FALSE,FALSE,7.3,,,1496,,30,,
Mo1.5NbTiVZr,10.1016/j.dib.2018.11.111,TRUE,FALSE,FALSE,FALSE,FALSE,FALSE,FALSE,7.4,,,1603,,20,,
Mo1.7NbTiVZr,10.1016/j.dib.2018.11.111,TRUE,FALSE,FALSE,FALSE,FALSE,FALSE,FALSE,7.5,,,1645,,15,,
Mo2NbTiVZr,10.1016/j.dib.2018.11.111,TRUE,FALSE,FALSE,FALSE,FALSE,FALSE,FALSE,7.6,,,1765,,12,,
MoNbTiV0.25Zr,10.1016/j.dib.2018.11.111,TRUE,FALSE,FALSE,FALSE,FALSE,FALSE,FALSE,,7.3,,1776,3893,30,,153
MoNbTiV0.50Zr,10.1016/j.dib.2018.11.111,TRUE,FALSE,FALSE,FALSE,FALSE,FALSE,FALSE,,7.2,,1647,3307,28,,152
MoNbTiV0.75Zr,10.1016/j.dib.2018.11.111,TRUE,FALSE,FALSE,FALSE,FALSE,FALSE,FALSE,,7.2,,1708,3929,29,,150
MoNbTiV1.0Zr,10.1016/j.dib.2018.11.111,TRUE,FALSE,FALSE,FALSE,FALSE,FALSE,FALSE,,7.1,,1786,3828,26,,149
MoNbTiV1.5Zr,10.1016/j.dib.2018.11.111,TRUE,FALSE,FALSE,FALSE,FALSE,FALSE,FALSE,,7.1,,1735,3300,20,,147
MoNbTiV2.0Zr,10.1016/j.dib.2018.11.111,TRUE,FALSE,FALSE,FALSE,FALSE,FALSE,FALSE,,7,,1538,3176,23,,146
MoNbTiV3.0Zr,10.1016/j.dib.2018.11.111,TRUE,FALSE,FALSE,FALSE,FALSE,FALSE,FALSE,,6.9,,1418,2508,24,,143
MoNbTiZr,10.1016/j.dib.2018.11.111,TRUE,FALSE,FALSE,FALSE,FALSE,FALSE,FALSE,,7.3,,1592,3450,34,,155
NbTaTiV,10.1016/j.dib.2018.11.111,TRUE,FALSE,FALSE,FALSE,FALSE,FALSE,FALSE,,9.2,,1092,,,106,134
NbTaVW,10.1016/j.dib.2018.11.111,TRUE,FALSE,FALSE,FALSE,FALSE,FALSE,FALSE,,12.9,492,1530,,12,,208
NbTaTiVW,10.1016/j.dib.2018.11.111,TRUE,FALSE,TRUE,FALSE,FALSE,TRUE,FALSE,,11.1,447,1420,,20,,
NbTiV0.3Zr,10.1016/j.dib.2018.11.111,TRUE,FALSE,FALSE,FALSE,FALSE,FALSE,FALSE,6.5,,,866,,45,,
NbTiV0.3Mo0.1,10.1016/j.dib.2018.11.111,TRUE,FALSE,FALSE,FALSE,FALSE,FALSE,FALSE,6.6,,,932,,45,,
NbTiV0.3Mo0.3,10.1016/j.dib.2018.11.111,TRUE,FALSE,FALSE,FALSE,FALSE,FALSE,FALSE,6.8,,,1312,,50,,
NbTiV0.3Mo0.5,10.1016/j.dib.2018.11.111,TRUE,FALSE,FALSE,FALSE,FALSE,FALSE,FALSE,6.9,,,1301,,43,,
NbTiV0.3Mo0.7,10.1016/j.dib.2018.11.111,TRUE,FALSE,FALSE,FALSE,FALSE,FALSE,FALSE,7.1,,,1436,,27,,
NbTiV0.3Mo,10.1016/j.dib.2018.11.111,TRUE,FALSE,FALSE,FALSE,FALSE,FALSE,FALSE,7.3,,,1455,,25,,
NbTiV0.3Mo1.3,10.1016/j.dib.2018.11.111,TRUE,FALSE,FALSE,FALSE,FALSE,FALSE,FALSE,7.4,,,1603,,20,,
NbTiV0.3Mo1.5,10.1016/j.dib.2018.11.111,TRUE,FALSE,FALSE,FALSE,FALSE,FALSE,FALSE,7.5,,,1576,,8,,
NbTiVZr,10.1016/j.dib.2018.11.111,TRUE,FALSE,FALSE,FALSE,FALSE,FALSE,FALSE,6.5,,,1104,,50,,
NbTiVZr,10.1016/j.dib.2018.11.111,TRUE,FALSE,FALSE,FALSE,FALSE,FALSE,FALSE,,6.5,335,1105,,> 50,,104
NbTiV2Zr,10.1016/j.dib.2018.11.111,TRUE,FALSE,FALSE,FALSE,FALSE,FALSE,FALSE,,6.4,304,918,,> 50,,109
CoCrCuFeNiTiVZr,10.1016/j.dib.2018.11.111,FALSE,FALSE,FALSE,FALSE,FALSE,FALSE,FALSE,,7.1,680,,,,,168
CoCrFeMoNiTiVZr,10.1016/j.dib.2018.11.111,FALSE,FALSE,FALSE,FALSE,FALSE,FALSE,FALSE,,7.3,850,,,,,193
CoCuFeNiTiVZr,10.1016/j.dib.2018.11.111,FALSE,FALSE,FALSE,FALSE,FALSE,FALSE,FALSE,,7.1,630,,,,,
CoFeNiV,10.1016/j.dib.2018.11.111,FALSE,TRUE,FALSE,FALSE,FALSE,FALSE,FALSE,,7.8,238,,,,,187
CoFeMo0.2NiV,10.1016/j.dib.2018.11.111,FALSE,TRUE,FALSE,FALSE,TRUE,TRUE,TRUE,,8,267,,,,,
CoFeMo0.4NiV,10.1016/j.dib.2018.11.111,FALSE,TRUE,FALSE,FALSE,TRUE,TRUE,TRUE,,8.1,402,,,,,
CoFeMo0.6NiV,10.1016/j.dib.2018.11.111,FALSE,TRUE,FALSE,FALSE,TRUE,TRUE,TRUE,,8.2,557,,,,,
CoFeMo0.8NiV,10.1016/j.dib.2018.11.111,FALSE,TRUE,FALSE,FALSE,TRUE,TRUE,TRUE,,8.3,606,,,,,
CoFeMoNiV,10.1016/j.dib.2018.11.111,FALSE,TRUE,FALSE,FALSE,TRUE,TRUE,TRUE,,8.4,625,,,,,
CoFeMoNi1.2V,10.1016/j.dib.2018.11.111,FALSE,TRUE,FALSE,FALSE,TRUE,TRUE,TRUE,,8.4,602,,,,,
CoFeMoNi1.4V,10.1016/j.dib.2018.11.111,FALSE,TRUE,FALSE,FALSE,TRUE,TRUE,TRUE,,8.5,538,,,,,
CoFeMoNi1.6V,10.1016/j.dib.2018.11.111,FALSE,TRUE,FALSE,FALSE,TRUE,TRUE,TRUE,,8.5,520,,,,,
CoFeMoNi1.8V,10.1016/j.dib.2018.11.111,FALSE,TRUE,FALSE,FALSE,TRUE,TRUE,TRUE,,8.5,510,,,,,
CoFeMoNi2V,10.1016/j.dib.2018.11.111,FALSE,TRUE,FALSE,FALSE,TRUE,TRUE,TRUE,,8.5,382,,,,,
CoFeMoNiTiVZr,10.1016/j.dib.2018.11.111,FALSE,FALSE,FALSE,FALSE,FALSE,FALSE,FALSE,,7.3,790,,,,,
CuFeNiTiVZr,10.1016/j.dib.2018.11.111,FALSE,FALSE,FALSE,FALSE,FALSE,FALSE,FALSE,,6.8,590,,,,,142
CoCrCuFeMnNiTiV,10.1016/j.dib.2018.11.111,TRUE,TRUE,FALSE,FALSE,TRUE,TRUE,TRUE,,7.3,,1312,1312,< 1,74,74
AlFeNiTiVZr,10.1016/j.dib.2018.11.111,TRUE,FALSE,FALSE,FALSE,FALSE,FALSE,FALSE,,5.9,800,,,,,132
AlCrMoTi,10.1016/j.actamat.2019.06.032,TRUE,FALSE,FALSE,FALSE,FALSE,FALSE,FALSE,,5.98,,1100,,,,
AlMoNbTi,10.1016/j.actamat.2019.06.032,TRUE,FALSE,FALSE,FALSE,FALSE,FALSE,FALSE,,6.46,,1100,,,,
HfMo0.5NbTiV0.5,10.1016/j.actamat.2019.06.032,TRUE,FALSE,FALSE,FALSE,FALSE,FALSE,FALSE,,8.96,,1260,,,,
HfMoNbTiZr,10.1016/j.actamat.2019.06.032,TRUE,FALSE,FALSE,FALSE,FALSE,FALSE,FALSE,,8.68,,1575,,,,
MoNbTaTiVW,10.1016/j.actamat.2019.06.032,TRUE,FALSE,FALSE,FALSE,FALSE,FALSE,FALSE,,10.91,,1515,,,,
MoNbTaTiW,10.1016/j.actamat.2019.06.032,TRUE,FALSE,FALSE,FALSE,FALSE,FALSE,FALSE,,11.72,,1343,,,,
MoNbTaVW,10.1016/j.actamat.2019.06.032,TRUE,FALSE,FALSE,FALSE,FALSE,FALSE,FALSE,,12.29,,1246,,,,
MoNbTaW,10.1016/j.actamat.2019.06.032,TRUE,FALSE,FALSE,FALSE,FALSE,FALSE,FALSE,,13.6,,996,,,,
MoNbTi,10.1016/j.actamat.2019.06.032,TRUE,FALSE,FALSE,FALSE,FALSE,FALSE,FALSE,,7.67,,1100,,,,
NbTa0.3TiZr,10.1016/j.actamat.2019.06.032,TRUE,FALSE,FALSE,FALSE,FALSE,FALSE,FALSE,,7.81,,882,,,,
NbTiZr,10.1016/j.actamat.2019.06.032,TRUE,FALSE,FALSE,FALSE,FALSE,FALSE,FALSE,,6.63,,975,,,,
AlCrMoNbTi,10.1016/j.actamat.2019.06.032,TRUE,FALSE,FALSE,FALSE,FALSE,TRUE,TRUE,,6.56,,1010,,,,
Al0.24NbTiVZr,10.1016/j.actamat.2019.06.032,TRUE,FALSE,FALSE,FALSE,FALSE,TRUE,TRUE,,6.34,,1240,,,,
AlMo0.5NbTa0.5TiZr,10.1016/j.actamat.2019.06.032,TRUE,FALSE,FALSE,TRUE,FALSE,TRUE,TRUE,,7.14,,2000,,,,
Cr0.3NbTiZr,10.1016/j.actamat.2019.06.032,TRUE,FALSE,FALSE,FALSE,FALSE,TRUE,TRUE,,6.56,,1576,,,,
CrMo0.5NbTa0.5TiZr,10.1016/j.actamat.2019.06.032,TRUE,FALSE,FALSE,FALSE,FALSE,TRUE,TRUE,,7.98,,1595,,,,
HfMo0.5NbSi0.3TiV0.5,10.1016/j.actamat.2019.06.032,TRUE,FALSE,FALSE,FALSE,FALSE,TRUE,TRUE,,8.46,,1617,,,,
HfMo0.5NbSi0.5TiV0.5,10.1016/j.actamat.2019.06.032,TRUE,FALSE,FALSE,FALSE,FALSE,TRUE,TRUE,,8.16,,1787,,,,
HfMo0.5NbSi0.7TiV0.5,10.1016/j.actamat.2019.06.032,TRUE,FALSE,FALSE,FALSE,FALSE,TRUE,TRUE,,7.89,,2134,,,,
MoNbTiVZr,10.1016/j.actamat.2019.06.032,TRUE,FALSE,FALSE,FALSE,FALSE,TRUE,TRUE,,7.27,,1706,,,,
NbRe0.3TiZr,10.1016/j.actamat.2019.06.032,TRUE,FALSE,FALSE,FALSE,FALSE,TRUE,TRUE,,7.81,,1244,,,,
NbTaTiVZr,10.1016/j.actamat.2019.06.032,TRUE,FALSE,FALSE,FALSE,TRUE,TRUE,FALSE,,8.43,,1395,,,,
